,idx,nid
0,10275,"[4736677, 4655492, 4795890, 4805179]"
1,16894,"[4721354, 4714592, 4753371]"
2,10741,"[2318958, 3022694, 3068181, 3473306, 3035012, 2400259, 2944278, 2790065, 3314681, 3350711]"
3,12918,"[3944378, 1358038, 2963975, 1339788, 3330175, 3328312, 2372596, 1977025, 2790174, 3092294]"
4,16514,"[4759229, 4777036, 4794906]"
5,17159,"[144012, 52761, 144230, 144090, 104870, 147378, 153804, 127885, 144018, 44334]"
6,17502,"[4610159, 4260493, 4661528, 4748050, 4737133, 4712014, 4724645]"
7,17062,"[1908790, 3107981, 3616808, 4610934, 3656752, 3738218, 4462406, 3889303, 3604309, 4756858]"
8,17421,"[238884, 1296110, 308257, 4482257, 4076201, 1209168, 1875728, 2638636, 512392, 2766425]"
9,17773,"[1026359, 1020941, 289761, 248751, 912472, 1285956, 1057751, 713068, 340506, 736215]"
10,17150,"[83707, 146261, 92799, 118773, 125915, 147940, 30701, 147689, 86083, 137587]"
11,18003,"[3411431, 2840187, 2393744, 4171677, 2325079, 3485121, 3040464, 3258406, 3179651, 4559900]"
12,19079,"[339730, 3671410, 3125986, 239516, 388457, 228501, 1037057, 1061551, 1019436, 318360]"
13,25757,"[4309958, 4652848, 4757225, 4767203]"
14,22126,"[1205926, 1207415, 1739580, 2872613, 1721617, 3877849, 807425, 1275790, 1213223, 1789267]"
15,27260,"[122455, 111072, 2824, 73944, 96073, 136097, 129304, 156959, 110638, 104459]"
16,14802,"[2799059, 1425851, 1498961, 4488841, 4390069, 4312351, 4235660, 4385100, 4389056, 3387711]"
17,27268,"[600976, 1230416, 2658741, 4311537]"
18,33147,"[4279776, 3832610, 4364220, 4607990, 4227403, 4392747, 4288614, 4422500, 3667213, 4609170]"
19,34532,"[4258316, 2171016, 2789970, 2293731, 2503827, 2390966, 2432531, 4262010, 90254, 92866]"
20,36565,"[1873734, 2139095, 1648250, 2959072, 1971137, 4468934, 4620442, 3573838, 4607748, 3143534]"
21,36590,"[4636597, 3609145, 4427203, 4427664, 4261160, 4426993, 4425646, 4267745, 4435754, 4428511]"
22,10874,"[3527335, 4309716, 4309052, 4305631, 4737285, 4681407]"
23,39043,"[63688, 61841, 64899, 57648, 60249, 900529, 2127868, 1269140, 1220025, 2621548]"
24,39369,"[68239, 75446, 71076, 75306, 69192, 70682, 75234, 67370, 68523, 70807]"
25,38464,"[61758, 107905, 101258, 58623, 131220, 97733, 61307, 129850, 62647, 77990]"
26,38318,"[138524, 137530, 141837, 76649, 71201, 142800, 140163, 143308, 91696, 142719]"
27,39527,"[3817607, 4248350, 4429962, 4731279]"
28,59075,"[2179278, 1002365, 1393989, 1006503, 1149212, 2201020, 993225, 993472, 1017687, 1012834]"
29,61101,"[1088272, 1068160, 1061940, 1075755, 1096466, 1062876, 1079026, 1133733, 1107742, 1106247]"
30,63513,"[890973, 820369, 994345, 851782, 753608, 824520, 824254, 838334, 2231818, 1932585]"
31,52553,"[740996, 2117114, 718382, 730207, 562351, 757698, 1009069, 2141544, 752465, 2241164]"
32,68502,"[1963784, 1387297, 1393643, 1388104, 1420557, 1405352, 1381800, 1418963, 1389224, 1402127]"
33,48689,"[4241427, 4240689, 1497706, 4240708, 3663529, 1506092, 2101837, 3546218, 4241320, 4215682]"
34,62555,"[1246896, 1247550, 1254028, 1231732, 1230293, 1252170, 1225024, 1239169, 1221447, 1224648]"
35,65953,"[4252097, 4252319, 4172653, 4221061, 4253585, 4285516, 4260131, 4263093]"
36,50749,"[2209031, 1887964, 1836660, 4595481, 3276365, 4648341, 4384963, 4331736, 4364302, 4340326]"
37,14170,"[3756763, 4319484, 4424411, 4692928]"
38,51690,"[2210504, 2211090, 2234125, 2209758, 2244416, 2225376, 2292257, 2590529, 2904734, 4256545]"
39,84505,"[2476589, 2470417, 2629417, 2488297, 2470140, 2642644, 2486393, 3014423, 2828068, 2481128]"
40,73372,"[2470534, 2334336, 2437403, 2325764, 2549546, 2486257, 2349579, 2357070, 2476935, 2315270]"
41,74610,"[3006498, 2812503, 2821836, 3209371, 2883901, 3100155, 3197942, 3308097, 3145369, 3633336]"
42,78845,"[2782742, 2743684, 2739572, 2740208, 2755499, 3145986, 2746341, 2739891, 2826393, 3288321]"
43,99094,"[3317658, 3467734, 3444609, 4265818, 3334033, 3439688, 3733522, 3787827, 3345015, 3813492]"
44,45290,"[3656313, 3659852, 3653609, 3654959, 3653541, 3551941, 3646432, 3652877, 3642912, 3643047]"
45,118948,"[3866058, 3859595, 3868040, 3866181, 3865502, 3870778, 3862822, 3862673, 3865639, 3864393]"
46,140265,"[4002914, 4215816, 4172579, 4217910, 4224296, 4226057, 4282117, 4223247, 4214210, 4213128]"
47,155172,"[4394035, 4396061, 4399764]"
48,147365,"[4281810, 4500894, 4743292]"
49,113352,"[4224270, 4242344, 4242220, 4241193, 4475083, 4246138, 4245185, 4243027, 4243011, 4241856]"
50,19374,"[4292120, 4652046, 4737215, 4758871]"
51,135694,"[4276363, 4268963, 4285498, 4277036, 4686954, 4686774, 4753456, 4686931, 4770891, 4778578]"
52,132946,"[4222164, 4269569, 4237784, 4250162, 4254726, 4250638, 4473706, 4243777, 4236940, 4614480]"
53,121365,"[4331631, 4346689, 4588576, 4320207, 4657754, 4657164]"
54,145285,"[4205044, 4211542, 4196447, 4188304, 4211200, 4215152, 4234478, 4300759, 4786449, 4472495]"
55,141259,"[4395088, 4419402, 4418027, 4397844, 4395910, 4394444, 4424369, 4399298, 4397464, 4426349]"
56,154125,"[4393277, 4386174, 4476351, 4393929, 4395241, 4717861]"
57,106839,"[4228107, 4215438, 4675663, 4229642, 4213729, 4220005, 4209377, 4227862, 4268315, 4397102]"
58,144355,"[4383171, 4396790, 4382646, 4392703, 4430722, 4429480]"
59,150552,"[4293949, 4283943, 4304548, 4340079, 4292370, 4293041, 4354988, 4611040, 4439281]"
60,118967,"[4231015, 4226501, 4224950, 4450067, 4236523, 4236102, 4232281, 4227690, 4236355, 4236222]"
61,119627,"[4188374, 4076537, 4204792, 3884961, 4398380, 4213312, 4771337]"
62,115620,"[4353935, 4345107, 4717903]"
63,99583,"[4192368, 4293456, 4238932]"
64,118953,"[4367542, 4754027, 4765500, 4283603, 4538050, 4356890, 4355791, 4353270, 4363083, 4361470]"
65,145804,"[4378627, 4541934, 4380161, 4563948, 4547698, 4389265, 4390612, 4389564, 4390573, 4379914]"
66,145662,"[4338192, 4337227, 4338133, 4334934, 4640461, 4740678]"
67,153417,"[4323751, 4513701, 4328618]"
68,130903,"[4199429, 4196264, 4204835, 4202631, 4193232, 4229466, 4201800, 4196941, 4195532, 4194806]"
69,122566,"[3508506, 3508007, 4466856, 4681997, 3524637, 3558550, 4455157, 3506768, 4446548]"
70,143335,"[4171033, 4166341, 4170920, 4183033, 4471519, 4217059, 4425305, 4288090, 4748382]"
71,143337,"[4178701, 4160600, 4293128, 4288092]"
72,155414,"[4390487, 4420102, 4397645, 4478122, 4391528, 4452150, 4396055]"
73,61385,"[4060506, 3004489, 2705515, 3014903, 4727797]"
74,145350,"[4180980, 4181192, 4208010, 4334848]"
75,130358,"[4290372, 4295575, 4293390, 4288711, 4329377, 4300925, 4299049, 4331672, 4349926]"
76,132998,"[4377379, 4297274, 4292478, 4292180, 4290825, 4279000, 4278703, 4358033, 4294311, 4750654]"
77,138572,"[4231740, 4239834, 4251789, 4668475]"
78,133129,"[4355424, 4357264, 4361537, 4353374, 4376537, 4360007, 4371315, 4370661, 4349732, 4353805]"
79,143213,"[4193341, 4194117, 4229402, 4208565, 4484943, 4397104, 4295325]"
80,134873,"[4343700, 4349332, 4354212, 4346784, 4346331, 4578071, 4349914, 4349571, 4347611, 4356118]"
81,142291,"[4252652, 4252451, 4681982, 4775848]"
82,121051,"[4267297, 4269280, 4271890, 4272543, 4637284, 4318926, 4301086, 4271286, 4306922, 4301375]"
83,84359,"[2513083, 4425701, 4397349, 4569534, 4528574, 4636312, 4644561, 4802684]"
84,127866,"[4709260, 4144667, 4160466, 4177268, 4176541, 4176601, 4166231, 4180593, 4170129, 4182850]"
85,141824,"[4337402, 4336793, 4323640, 4336866, 4336094, 4373092, 4338480, 4326755, 4374244, 4341240]"
86,109910,"[4174442, 4171218, 4175673, 4181275, 4170990, 4199228, 4175952, 4173369, 4178998, 4184290]"
87,139700,"[4306247, 4284650, 4317224, 4308457, 4296217, 4326703, 4324610, 4310401, 4309245, 4304738]"
88,150611,"[4321366, 4501822, 4322873, 4330777, 4378625, 4341646, 4636313, 4459247, 4328004, 4358765]"
89,153790,"[4433103, 4695511, 4794218]"
90,135843,"[4214451, 4195179, 4216462, 4217686, 4216245, 4221826, 4221790, 4215959, 4218275, 4229866]"
91,62285,"[4209842, 4207804, 4274601, 4258160, 4175481, 4174747, 4176472, 4175634, 4171760, 4176001]"
92,145379,"[4269865, 4189075, 4271446, 4734777, 4666234]"
93,125209,"[4447636, 4393441, 4375604, 4400936, 4387710, 4386665, 4717877, 4671462, 4762294]"
94,99746,"[4328586, 4334144, 4585512, 4688556]"
95,121772,"[4340682, 4387266, 4386905, 4555545]"
96,149174,"[4611499, 4383599, 4372433, 4371465, 4478996, 4372640, 4374492, 4390735, 4608254, 4381939]"
97,144109,"[4278113, 4447543, 4263977, 4346862, 4436704, 4300209, 4364469, 4742266, 4786210]"
98,145336,"[4179296, 4232488, 4202526, 4341599]"
99,141675,"[4423410, 4421760, 4424359, 4432357, 4430799, 4717845]"
100,134135,"[4203333, 4198730, 4192967, 4208807, 4261772]"
101,149645,"[4284602, 4275471, 4289295, 4286755, 4258629, 4270975]"
102,137884,"[4339107, 4292272, 4623774, 4327035, 4303576, 4322442, 4327239]"
103,71974,"[2332116, 2301079, 4057778, 4226924, 4251430, 4225277, 4249806, 4105908, 4261040, 4257878]"
104,150117,"[4285880, 4282294, 4284402, 4634047]"
105,146944,"[4383630, 4392580, 4387264, 4384079, 4387094, 4447469]"
106,144338,"[4244615, 4340543, 4332497, 4083868, 4309682, 4330266, 4328603, 4327995, 4323553]"
107,148656,"[4250807, 4262117, 4253645, 4252903, 4253622, 4265091]"
108,154313,"[4366464, 4365661, 4373993, 4367871, 4370606]"
109,121061,"[4239546, 4365254, 4263305, 4263641, 4732773, 4238278, 4246113, 4262646, 4470370, 4242889]"
110,52995,"[2305661, 2306077, 4763740, 2304906, 2536595, 3686187, 3653703, 4351246]"
111,145316,"[4174338, 4184513, 4183071, 4563957, 4288313, 4178618, 4174653]"
112,99351,"[3055805, 4350082, 4349627, 4349629]"
113,140868,"[4274839, 4337289, 4359209, 4350369, 4591435, 4364453, 4418979, 4303602]"
114,138243,"[4350848, 4327549, 4524724, 4350665, 4282223, 4331615, 4440247, 4675827]"
115,144253,"[4349942, 4296191, 4300355]"
116,149596,"[4425976, 4334780, 4336514]"
117,150591,"[4353500, 4349482, 4740328]"
118,150376,"[4536923, 4616382, 4569769, 4470806, 4454089, 4622075, 4454260, 4422403, 4477805, 4593282]"
119,147301,"[4293471, 4294866, 4718100, 4327667, 4350666, 4256212, 4273710, 4268256, 4371654]"
120,107374,"[4189656, 4243606, 4235011, 4196970, 4191922, 4235873, 4164264, 4164423, 4168978, 4171000]"
121,144772,"[4344708, 4357058, 4351596, 4343446, 4342592, 4358189, 4349364, 4742360, 4652201]"
122,113344,"[4311434, 4311396, 4284720, 4286038, 4315659, 4316682, 4330631, 4330863, 4329968, 4315849]"
123,137987,"[4248344, 4248000, 4246609, 4246708, 4255731, 4708058, 4777575, 4784760]"
124,146311,"[4317872, 4310109, 4352225, 4350922, 4350877, 4350527, 4347684, 4321980, 4321847, 4320725]"
125,155541,"[4394213, 4400071, 4395335, 4528746, 4500742, 4631286]"
126,154055,"[4440807, 4565809, 4431073, 4428542, 4439798, 4702738, 4662083, 4774886]"
127,126058,"[3967474, 4257655, 4449631, 3841731, 3987411, 3972737, 4297232, 4317627, 4537368]"
128,137951,"[4418970, 4417702, 4393465]"
129,140718,"[4253643, 4255120, 4257951, 4722464, 4248362, 4247959, 4246498, 4250553, 4247817, 4249159]"
130,122133,"[4468819, 4344080, 4343548, 4263819, 4304115, 4272314, 4685236, 4750110, 4209784, 4213322]"
131,149590,"[4342161, 4760603, 4272529, 4296374, 4679827]"
132,140741,"[4397777, 4356296, 4337206, 4339186, 4381823, 4354547, 4549360, 4401208]"
133,42240,"[4425338, 4433642, 4427605, 4417459, 4437850, 4777581]"
134,152610,"[4575057, 4309487, 4312843, 4317938, 4481010]"
135,153405,"[4436987, 4563369, 4375617, 4375621, 4509984]"
136,126112,"[4455900, 4348078, 4350513, 4365622, 4345560, 4348647, 4386673]"
137,140811,"[4497790, 4245388, 4497302, 4270900, 4251586, 4307834, 4246597, 4747308]"
138,124031,"[4231711, 4231247, 4232678, 4244521, 4239233, 4260364, 4369992, 4244556, 4250637, 4248756]"
139,125461,"[4375066, 4433102, 4375623, 4432264, 4367170, 4746681, 4662217, 4794297]"
140,143952,"[4319565, 4319616, 4335592, 4327396, 4398218, 4331839, 4379696, 4372133]"
141,144773,"[4328656, 4397066, 4637303, 4754987]"
142,142372,"[4365775, 4355454, 4300174, 4357598, 4339192, 4400483, 4354762]"
143,141457,"[4362551, 4434104, 4395840, 4377025, 4374575, 4444802, 4433631, 4746818]"
144,137908,"[4140892, 4373803, 4294459, 4292960, 4266250, 4386638, 4266549, 4296627, 4289390, 4148418]"
145,147945,"[4388341, 4380629, 4388368, 4380134, 4374840, 4374232, 4444957, 4440477, 4437880, 4430702]"
146,139866,"[4438954, 4366836, 4074136, 4086156, 4117688, 4375563, 4487249, 4500111, 4324256, 4746744]"
147,142241,"[4443953, 4401209, 4707103, 4739917]"
148,91998,"[2930625, 4394586, 4528572]"
149,104423,"[3827045, 4431182, 3335905, 3820824, 4545435, 4507436]"
150,125468,"[4526138, 4366334, 4362946, 4361548, 4359815, 4368063, 4367546, 4365764, 4365337, 4363916]"
151,37949,"[4384763, 4439645, 4432097, 4707335, 4431730, 4418233]"
152,151300,"[4299093, 4297655, 4305254, 4640157]"
153,126078,"[4296764, 4637769, 4071885, 4209543, 4188037, 4601117, 4278824, 4553504, 4594633, 4285717]"
154,142337,"[4385527, 4348646, 4730674]"
155,146316,"[4421280, 4429179, 4400484]"
156,134895,"[4313276, 4306845, 4318379, 4317008, 4312952, 4316769, 4496857, 4385715, 4310864, 4334981]"
157,156323,"[4420698, 4415917, 4428975]"
158,127334,"[4272478, 4269996, 4261700, 4415661, 4395593, 4271205, 4353866, 4271551]"
159,153517,"[4445947, 4354014, 4362052, 4378414, 4490352]"
160,133496,"[4251581, 4250840, 4640943, 4245979, 4321748, 4321154, 4250717, 4244340, 4240770, 4633142]"
161,140719,"[4398298, 4398007, 4417919, 4523627, 4750995, 4693540, 4690519, 4756166, 4753121, 4782082]"
162,153801,"[4491026, 4361359, 4417559]"
163,122996,"[3640410, 4232520, 4441388, 4226398, 4227752, 4314668, 4333745, 4249043]"
164,138877,"[3987138, 4135122, 4135027, 4591939, 4545225, 4168741, 4172362, 4151138, 4152245, 4633059]"
165,153501,"[4363165, 4752203, 4361551]"
166,144001,"[4235397, 4249409, 4244974]"
167,143331,"[4398178, 4379776, 4377586, 4445154]"
168,114263,"[4239473, 4234223, 4517121, 4373452, 4349806, 4248498, 4718040]"
169,103657,"[4260359, 4220084, 4225500, 4257567, 4566425, 4233188, 4217579, 4245643, 4599296, 4550403]"
170,143456,"[4386603, 4375855, 4372886, 4418941, 4368546, 4368502, 4367677, 4367382, 4364760, 4388892]"
171,145669,"[4456710, 4391026, 4394048, 4600655]"
172,136035,"[4254038, 4253729, 4254484, 4252457, 4255532, 4460657]"
173,114288,"[3969023, 4265209, 4328275, 4278369, 4278068, 4792454]"
174,143484,"[4240952, 4248771, 4249033, 4263764]"
175,144937,"[4397150, 4147905, 4421880, 4462882, 4785050]"
176,129045,"[4496477, 4343398, 4398499, 4383865, 4741421, 4738469, 4681479, 4781722]"
177,125802,"[4300116, 4385275, 4307779, 4301184, 4310274, 4310371, 4305668, 4301875, 4695972, 4303810]"
178,144290,"[4496315, 4384483, 4379985, 4377197, 4381756, 4431735]"
179,155310,"[4438537, 4577631, 4572337, 4497440, 4558766, 4531674, 4445252, 4778162, 4789834]"
180,152266,"[4381277, 4379020, 4353180, 4622894, 4780184]"
181,10979,"[4735643, 4783121, 4786446]"
182,133479,"[4309945, 4307091, 4308694, 4307703, 4306628, 4798862]"
183,149511,"[4302719, 4302730, 4311016, 4302727, 4304315, 4292956]"
184,136842,"[4193799, 4215856, 4215366, 4252151, 4425472, 4242026, 4239434, 4232855, 4501237, 4226055]"
185,136899,"[4306869, 4305953, 4323277, 4306873, 4303965, 4303531, 4302996, 4303640, 4304883, 4439416]"
186,143358,"[4302206, 4279680, 4272175, 4268254, 4297783, 4770825]"
187,104435,"[4246158, 4257533, 4252015, 4245675, 4260193, 4276327, 4258008, 4378857, 4262369]"
188,152486,"[4431432, 4744330, 4763695, 4801383]"
189,140806,"[4570132, 4569835, 4677141, 4670954, 4335789, 4479236, 4680623]"
190,140666,"[4364495, 4356532, 4381979, 4359462, 4358894, 4418774, 4630759, 4742607, 4684087]"
191,108053,"[4311208, 4302644, 4310117, 4292743, 4311013, 4756210]"
192,139358,"[4143747, 4518863, 4650949, 4270894, 4326308, 4390871, 4531514, 4650098, 4659862, 4746722]"
193,146071,"[4234105, 4300969, 4367447, 4335795, 4366205, 4337142, 4338420, 4573272, 4806208]"
194,139437,"[4227463, 4243294, 4249617, 4291400, 4246278, 4222790, 4224257, 4556756, 4669306, 4138062]"
195,126281,"[4299781, 4170434, 4399124, 4445643]"
196,93676,"[2881362, 4248529, 2921877, 4145363, 4245660, 4179462, 4242403, 4249026, 4798378]"
197,143357,"[4733409, 4719490, 4665947, 4663353, 4757734]"
198,138592,"[4295641, 4293714, 4294984, 4295480, 4298428, 4302935, 4299482, 4311188, 4304863]"
199,154305,"[4378834, 4774639, 4388708, 4512720]"
200,102461,"[4204000, 4216632, 4202071, 4597985, 4270009]"
201,127339,"[4511914, 4436512, 4257955, 3597306, 4257368, 4257644, 4293121, 4613248]"
202,134848,"[4285507, 4347350, 4782408]"
203,140286,"[4546905, 4251043, 4251385, 4251383, 4766923, 4265531, 4449738]"
204,122195,"[4342633, 4362796, 4342781, 4343069, 4341221, 4343543, 4342058, 4364195, 4387198, 4345493]"
205,157412,"[4627866, 4428345, 4528570]"
206,122131,"[4299290, 4284819, 4353898, 4339472, 4333321, 4327191, 4284492, 4360395, 4344152, 4300172]"
207,143495,"[4371619, 4366671, 4379945, 4371110, 4367355, 4369012, 4368951, 4367414, 4439056, 4428403]"
208,120188,"[4206205, 4223608, 4215598, 4306089, 4220922, 4224906, 4220227, 4583295, 4216654, 4550752]"
209,141397,"[4261214, 4255629, 4257920, 4674121]"
210,102806,"[4208721, 4233545, 4230880, 4615877, 4232103, 4346892, 4215280, 4208717, 4388714, 4369566]"
211,150632,"[4550569, 4392956, 4391939, 4478984, 4462342, 4571276, 4391836, 4388617, 4482435, 4458819]"
212,137309,"[4256288, 4270294, 4746734, 4760944, 4791143, 4802593]"
213,155413,"[4395480, 4395266, 4397186, 4397461, 4768298, 4416224, 4543250]"
214,123276,"[4296142, 4306988, 4717915, 4668885]"
215,143245,"[4167082, 4162391, 4162323, 4164449, 4224663, 4184990, 4182583, 4177659, 4197157, 4292094]"
216,77555,"[4317022, 3374918, 4307603, 4309606, 4486947]"
217,137190,"[4311474, 4267498, 4257868]"
218,143241,"[4289408, 4295263, 4297645, 4497560, 4304308, 4302929, 4657237]"
219,134578,"[4378930, 4257165, 3887586, 4305325, 4764339]"
220,128906,"[3748935, 4490139, 4775267, 4651046, 3810562, 4340928, 4082389, 4462886, 4625591, 4772099]"
221,148694,"[4242014, 4243940, 4378924]"
222,129427,"[4391399, 4391966, 4387415, 4387891, 4390023, 4445206]"
223,143248,"[4730889, 4231333, 4255185]"
224,126032,"[4331904, 4334245, 4395535, 4336028, 4341935, 4335595, 4334296, 4329677, 4245516, 4329868]"
225,157628,"[4421999, 4462359, 4424047, 4543253]"
226,20329,"[4322518, 4740494, 4740484]"
227,139674,"[4327933, 4233030, 4219127, 4214822, 4228311, 4224721, 4220335, 4239594, 4232208, 4235717]"
228,154347,"[4481343, 4393623, 4393195, 4540251, 4450180, 4498985, 4418010, 4420861]"
229,144073,"[4338256, 4532104, 4338431, 4327533, 4328606, 4386912]"
230,131576,"[4427780, 4706882, 4733148]"
231,151106,"[4424299, 4443722, 4421836, 4739859, 4798851]"
232,146198,"[4427334, 4425392, 4424321, 4497213, 4426619, 4499080, 4427579, 4428985, 4428879, 4428740]"
233,155119,"[4391121, 4395439, 4394935]"
234,126084,"[4382273, 4393399, 4517947, 4393587, 4530402, 4395138, 4445136]"
235,125414,"[4343869, 4418874, 4365313, 4351779, 4350532, 4350388, 4349887, 4348270, 4345894, 4345846]"
236,137857,"[4422019, 4565062, 4447619, 4724339]"
237,130757,"[4230930, 4423711, 4220137, 4233884, 4191200, 4188665, 4184106, 4245095, 4213507, 4183983]"
238,143924,"[4328824, 4555622, 4292663, 4559660, 4530885, 4765058]"
239,152080,"[4281905, 4296984, 4299839, 4299536, 4293467, 4300035, 4299129, 4298964, 4297032, 4297938]"
240,129072,"[4223003, 4220009, 4219425, 4216762, 4215147, 4271316, 4215509, 4222609, 4221036, 4216986]"
241,146512,"[4393145, 4426096, 4424121, 4395321, 4437209, 4435771, 4431485, 4428111, 4388613, 4533963]"
242,153025,"[4389307, 4473892, 4447470, 4415951, 4722628]"
243,124025,"[4253814, 4268556, 4263852, 4254217, 4254149, 4253484, 4264281, 4256381, 4255264, 4253992]"
244,140721,"[4339904, 4362300, 4336308, 4331735, 4387203]"
245,154349,"[4385955, 4387004, 4387437, 4383028, 4382962, 4379924, 4379174, 4587072, 4378789]"
246,100150,"[4358507, 4526802, 4597142, 4695474]"
247,157581,"[4698746, 4425476, 4484453]"
248,155819,"[4417581, 4420273, 4386869, 4415649, 4416542, 4398060, 4416421, 4445227, 4418658, 4415934]"
249,133437,"[4335122, 4619820, 4354515, 4306852, 4280489]"
250,157854,"[4446946, 4425432, 4427592, 4428992, 4429652, 4714988, 4801898]"
251,146560,"[4291406, 4733228, 4671383, 4575539, 4571008, 4269946, 4598327, 4521071, 4272352, 4275756]"
252,155116,"[4552319, 4594942, 4446051]"
253,147333,"[4215595, 4203181, 4213339, 4479164, 4765111, 4217894, 4264100, 4215913]"
254,136878,"[4311015, 4292972, 4309139, 4291701, 4715273]"
255,142869,"[4098136, 4101163, 4070586, 4299431, 4602853, 4767489]"
256,113496,"[4225698, 4335797, 4336506, 4350131]"
257,144938,"[4511466, 4470321, 4431020, 4428742, 4592225, 4443996, 4430848, 4484286, 4448606, 4441054]"
258,123519,"[4296066, 4287179, 4286086, 4302058, 4294652, 4282969, 4300287, 4293086, 4292026, 4299118]"
259,144945,"[4399038, 4435156, 4432526, 4424573, 4423870, 4423316, 4423162, 4399725, 4399578, 4445234]"
260,143541,"[4246759, 4244853, 4243695, 4300151, 4274398, 4264210, 4253498, 4245107, 4263755, 4635978]"
261,155167,"[4415736, 4613445, 4392097, 4400394, 4392643, 4488082, 4392682, 4400918]"
262,119181,"[3938968, 4390028, 4479443, 4527872]"
263,139433,"[4218814, 4181969, 4180985, 4167888, 4243010, 4378268, 4749771, 4678907]"
264,122917,"[4427279, 4431692, 4431592, 4424959, 4444343]"
265,137947,"[3904988, 4282398, 4273263, 4274894]"
266,153515,"[4344368, 4342753, 4342839, 4344393, 4354207, 4399797, 4387205]"
267,44913,"[4466038, 4391803, 4384655, 4382817, 4371980, 4368381, 4418624, 4370006, 4387176, 4370529]"
268,134839,"[4433984, 4628207, 4503496, 4649968, 4378965, 4355212, 4327587, 4307491, 4618736, 4793722]"
269,140693,"[4387889, 4387146, 4365665, 4368292, 4418787, 4431489, 4612504, 4392228, 4367417, 4395988]"
270,125419,"[4343853, 4316355, 4309369, 4297170, 4529240, 4395404, 4336403, 4325863, 4320755, 4314211]"
271,134728,"[4391384, 4390845, 4391250, 4550633, 4398487, 3813790, 4387894, 4397756, 4498600]"
272,127378,"[4328626, 4327436, 4322793, 4322525, 4321905, 4320151, 4314035, 4313955, 4305716, 4427783]"
273,145318,"[4358689, 4356166, 4357914, 4355560, 4367212, 4361545, 4364614, 4418780, 4366542, 4355596]"
274,133053,"[4167905, 4722215, 4151474]"
275,151788,"[4669122, 4474436, 4447473, 4741705]"
276,151256,"[4391017, 4385121, 4385927, 4433105, 4489578]"
277,120106,"[4224808, 4646421, 4372428, 4312916, 4193490, 4212919, 4436671, 4195582, 4507625]"
278,127336,"[4318934, 4260738, 4227512, 4334095, 4313026, 4328654, 4386909]"
279,115244,"[3162495, 4282903, 4488093, 4782324, 4399441, 4294733, 4282413, 4728327]"
280,96914,"[4549966, 2753076, 2754883, 4548187]"
281,113301,"[4182948, 4181928, 4125044, 4114607, 4196467, 4195724, 4193946, 4193605, 4187453, 4186213]"
282,92061,"[4165978, 4490532, 4223456, 4213425, 4190606, 4190351, 4180344, 4217793, 4203106, 4196288]"
283,133457,"[4278346, 4221589, 4057266, 4279516, 4061585, 4276272, 4274859, 4271749, 4271004, 4195691]"
284,143623,"[4379793, 4393148, 4391521, 4398665, 4392825, 4415952, 4397762, 4725138, 4669590]"
285,143090,"[4247732, 4338633, 4450548, 4327922, 4383869]"
286,143443,"[4277088, 4288393, 4285343, 4277938, 4255369, 4744720, 4746709, 4772936]"
287,151673,"[4390497, 4420615, 4464473, 4384736, 4491755, 4479890, 4427984, 4437898, 4447471, 4717850]"
288,148608,"[4265931, 4267871, 4266711, 4285502, 4272274]"
289,119453,"[4310805, 4274233, 4271030, 4268981, 4307301, 4268807, 4306431, 4774954]"
290,145418,"[4194786, 4191529, 4469192, 4540080, 4553903, 4755722]"
291,125459,"[4384588, 4383685, 4383336, 4382902, 4471552, 4400132, 4399196, 4396511, 4395144, 4394971]"
292,152169,"[4359135, 4352755, 4352576]"
293,128774,"[4277243, 4288340, 4304310, 4291959, 4295227, 4435016, 4282153, 4287906, 4475086, 4280298]"
294,145292,"[4436363, 4433338, 4431811, 4430110, 4430108, 4429449, 4428281, 4427928, 4427600, 4427382]"
295,151154,"[4420723, 4431559, 4429123, 4420134, 4447065, 4746657, 4712903, 4659371, 4688287, 4669207]"
296,145151,"[4730797, 4712656, 4717869, 4760222]"
297,51787,"[4218882, 4210567, 4210130, 4208108, 4198271, 4181926, 4587582, 4459951, 4390213, 4222360]"
298,40232,"[3507014, 3057866, 4363076, 4349377, 4353991, 4710940, 4765418]"
299,89375,"[2504408, 4320887, 4266382]"
300,128327,"[3866706, 4390018, 4675823]"
301,143376,"[4436669, 4458319, 4315343, 4437235, 4418690, 4417079, 4436693, 4497399, 4428152, 4719662]"
302,141177,"[4401162, 4429917, 4392537, 4502409, 4476681, 4355783, 4502416, 4637980]"
303,146240,"[4351234, 4339213, 4351769, 4346294, 4366235, 4353724, 4349403, 4437067, 4400479, 4560726]"
304,134570,"[4342447, 4368235, 4400480]"
305,138615,"[4136017, 4363078, 4479641]"
306,142333,"[4309957, 4695430, 4716736]"
307,94767,"[4336314, 4339575, 4338568, 4335288, 4340069, 4339701, 4339318, 4338313, 4336675, 4336646]"
308,75426,"[4243225, 4234851, 4245685, 4627132, 4424367, 4294008, 4283456, 4275138, 4274465, 4246860]"
309,146507,"[4224298, 4224600, 4227452, 4210484, 4227517, 4232295, 4218544, 4228473, 4475116]"
310,133424,"[4758604, 4757454, 4800706, 4787089, 4783009]"
311,97629,"[4317525, 4317115, 4316956, 4316917, 4316809, 4316088, 4316062, 4313670, 4313627, 4313615]"
312,146233,"[4325837, 4399120, 4374627, 4396812, 4417923]"
313,145791,"[4222213, 4224351, 4226776, 4215329, 4242090, 4334444]"
314,136876,"[4255267, 4254455, 4639482, 4303446, 4305105, 4684940, 4765189, 4791596, 4791594, 4791593]"
315,148666,"[4221703, 4243798, 4242935, 4243576, 4243584, 4243731, 4297810, 4247582, 4280347, 4277860]"
316,148338,"[4575651, 4335765, 4281062, 4277702, 4748386, 4784084]"
317,134899,"[4257807, 4256635, 4255583, 4307161, 4673892, 4789801, 4256233, 4196193, 4212746, 4208910]"
318,134835,"[4283751, 4426971, 4276402, 4257871, 4739280]"
319,134977,"[4436115, 4499948, 4680627, 4667949]"
320,155533,"[4385137, 4385459, 4395788, 4382358]"
321,100959,"[2790781, 4272659, 4330120, 4317839]"
322,122995,"[4396054, 4397028, 4391491]"
323,133071,"[4394067, 4386404, 4389333, 4396053, 4393608, 4393614, 4416824]"
324,133447,"[4360050, 4355055, 4350509, 4350103, 4381162, 4362604, 4759086]"
325,147368,"[4235596, 4190479, 4510451, 4319887, 4222750, 4291024, 4234932, 4247108, 4246958, 4774510]"
326,119404,"[4225382, 4227756, 4303672, 4539206]"
327,128659,"[4366918, 4363421, 4352765, 4347247, 4347944, 4416358]"
328,120581,"[4362211, 4371882, 4368408, 4367666, 4416035, 4424951, 4395831, 4393496]"
329,128598,"[4350760, 4363093, 3903346, 4169204, 4578464, 4099704, 4349379, 4741840]"
330,138595,"[4363094, 4394169, 4399651, 4394597]"
331,118309,"[4284970, 4258353, 4257873, 4746747, 4719708, 4717940, 4674867, 4757528]"
332,113356,"[4717864, 4716037, 4773811]"
333,144918,"[4354789, 4437120, 4429745, 4652877, 4717900, 4695909, 4766103, 4762379, 4788676, 4786802]"
334,146309,"[4357000, 4374413, 4426572]"
335,139440,"[4517710, 4459725, 4388813, 4425057, 4422241, 4395457, 4375976, 4440565, 4756272]"
336,138404,"[4186596, 4355153, 4185765, 4212942, 4389025, 4334871, 4259913, 4751930, 4681688, 4802494]"
337,153415,"[4323699, 4328737, 4330797, 4496797, 4577373, 4342001, 4337733, 4379969, 4544018]"
338,140695,"[4394087, 4393054, 4392663, 4387333, 4381509, 4381477, 4379681, 4377643, 4416183, 4395951]"
339,127865,"[4733763, 4311197, 4270096, 4260259, 4257494, 4257445, 4257309, 4257252, 4256675, 4255957]"
340,123268,"[4663541, 4693024, 4756564, 4777460, 4780991, 4793635, 4800905]"
341,124212,"[4217908, 4485999, 4371371, 4232336, 4228268, 4227076, 4644042, 4367836, 4319176, 4241346]"
342,134874,"[4436000, 4437089, 4416242, 4694519]"
343,133460,"[4790257, 4790255, 4790254]"
344,120791,"[4654342, 4659755, 4667106]"
345,73462,"[4216130, 4190817, 4192388, 4215565, 4199343, 4218083, 4218025, 4751336]"
346,144799,"[4250228, 4259709, 4281948, 4249717, 4268782, 4785528]"
347,102872,"[4263534, 4538323, 4361326, 4505929, 4305342, 4401206, 4763050]"
348,136868,"[4346375, 4333652, 4314784, 4590268, 4555777, 4483702, 4481470, 4473013, 4451094, 4433936]"
349,87182,"[4550645, 4256028, 4050775, 4246286, 4249587, 4530359, 4730264, 4772428]"
350,136821,"[4194342, 4193370, 4192193, 4191835, 4189068, 4187185, 4177475, 4167776, 4164691, 4141619]"
351,147834,"[4343690, 4334728, 4355041]"
352,104374,"[4368429, 4359819, 4337212, 4711680, 3853636, 4595742]"
353,145349,"[4164915, 4336525, 4336460, 4339944]"
354,137971,"[4644407, 4733254, 4724415, 4717862, 4660935, 4692055, 4663381, 4799154, 4786018, 4792088]"
355,151252,"[4401232, 4399479, 4801532]"
356,155085,"[4399662, 4400869, 4476048]"
357,153951,"[4436680, 4436664, 4436580, 4435877, 4435564, 4430476, 4435617]"
358,152090,"[4346342, 4296583, 4542249, 4313114]"
359,155501,"[4387045, 4391264, 4376141, 4389356]"
360,152254,"[4720475, 4435993, 4421894, 4319203, 4378781, 4388701, 4379567]"
361,138895,"[4317054, 4299876, 4417505, 4394431, 4245657, 4607531, 4694820]"
362,100759,"[4328590, 4334130, 4352774, 4340106, 4334021, 4386911, 4366936]"
363,118928,"[4797241, 4361281, 4363566, 4494212, 4641599, 4416921, 4573319, 4706201]"
364,112026,"[4207425, 4255060, 4282252, 4707476, 4252585, 4751050, 4696249, 4751932, 4779764, 4799049]"
365,121971,"[3914690, 3915215, 4241446, 4337221]"
366,96740,"[2981283, 3090052, 2991823, 4599934, 3783140, 4445369, 4445102]"
367,150545,"[4283807, 4349936, 4638626]"
368,148697,"[4484854, 4671919, 4248429, 4253052, 4248437]"
369,143539,"[4226482, 4351327, 4344818, 4252661, 4249790, 4261970, 4764102, 4763706, 4799559]"
370,148629,"[4263473, 4722035, 4457331, 4263188, 4266286]"
371,145162,"[4626006, 4590992, 4434171, 4429892, 4445665, 4431435, 4428328, 4461171, 4468433, 4461539]"
372,145592,"[4322514, 4333151, 4500788, 4371500, 4355227, 4322153, 4336670, 4756399, 4781578]"
373,142292,"[4253910, 4253376, 4252917, 4741072, 4703486, 4754544, 4782108, 4781744]"
374,140712,"[4394106, 4263754, 4503803, 4460083, 4343875, 4251964, 4398624, 4500590, 4247185, 4244142]"
375,134980,"[4334015, 4333750, 4333519, 4333347, 4332899, 4332055, 4332029, 4319560, 4191700, 4349095]"
376,114296,"[4341649, 4340378, 4337250, 4444663, 4372479, 4348400, 4334069]"
377,149445,"[4435506, 4461947, 4378746, 4373938, 4485235, 4366329, 4370641, 4362933, 4378693, 4433630]"
378,137935,"[4520437, 4669119, 4587893, 4284206, 4309604, 4371507]"
379,148695,"[4221302, 4216841, 4220341, 4291607]"
380,136835,"[4362477, 4362224, 4362156, 4361491, 4360547, 4360435, 4360154, 4359448, 4358462, 4357424]"
381,149601,"[4365491, 4361373, 4361321, 4418770]"
382,139450,"[4353469, 4365000, 4424379]"
383,142369,"[4602266, 4264771, 4448844, 4066691, 4066926, 4261377, 4317402, 4261223, 4329517, 4755088]"
384,144944,"[4380364, 4379110, 4377838, 4377808, 4377581, 4377551, 4377480, 4377448, 4377435, 4377430]"
385,100208,"[4713745, 4767855, 4798985]"
386,144743,"[4386213, 4378355, 4121895, 4307488, 4452632, 4366955, 4639390, 4367566, 4798347]"
387,142263,"[4499833, 4448251, 4432365, 4430549, 4425607, 4437243, 4429968, 4435486, 4430287, 4717854]"
388,139436,"[4377968, 4638227, 4336021, 4450012, 4284377, 4367041, 4279252, 4376002, 4609511, 4669347]"
389,142635,"[4327944, 4657008, 4337925, 4364309, 4336472, 4337917, 4373772, 4397119]"
390,134825,"[4426633, 4305954, 4748963, 4739961, 4751022, 4681772]"
391,137944,"[4270039, 4284825, 4672257]"
392,140692,"[4777021, 4776161, 4795392]"
393,134842,"[4691550, 4663640, 4663142, 4787302, 4803767]"
394,154328,"[4681884, 4681764, 4367583]"
395,137915,"[4390448, 4390112, 4283806, 4269026, 4584970, 4529853, 4450877, 4285710, 4285013, 4284985]"
396,137872,"[4452041, 3915770, 4596313]"
397,140787,"[4423736, 4744381, 4654366, 4663160, 4795337, 4801163]"
398,112419,"[4307459, 4329438, 4478440]"
399,155123,"[4651067, 4399460, 4399282, 4394883, 4396224, 4391920, 4740427, 4746647]"
400,129383,"[4282640, 4368882, 4368676, 4456851, 4390169, 4368944, 4282513, 4390949, 4377541, 4374264]"
401,137709,"[4707964, 4260405, 4751039, 4704369, 4695996]"
402,142306,"[4639728, 4420155, 4717912, 4746704, 4764038]"
403,121001,"[4102305, 4238630, 4234126, 4249574, 4502019]"
404,137972,"[4441370, 4433101, 4717865]"
405,124271,"[4271936, 4270258, 4306060, 4280490, 4305093, 4746721, 4688911, 4684926, 4760242, 4758836]"
406,142625,"[4399594, 4503149, 4459546, 4457350, 4450192, 4448484, 4434224, 4434210, 4419953, 4419600]"
407,143980,"[4496133, 4322621, 4296136, 4310598, 4370581, 4343164, 4305305, 4310618]"
408,130950,"[4550099, 4425388, 4442290, 4455273, 4083688, 4083276, 4264597, 4439867, 4265538, 4543915]"
409,137952,"[4364280, 4363644, 4362776, 4360460, 4360373, 4359376, 4359264, 4357769, 4357279, 4357086]"
410,149505,"[4372119, 4365503, 4356949, 4374947, 4505634, 4374396, 4370152, 4400490]"
411,147355,"[4212068, 4239788, 4217063, 4214517, 4232424, 4216511, 4227188, 4208579, 4503479, 4731199]"
412,149576,"[4281765, 4276193, 4286206, 4280047, 4287607]"
413,141180,"[4373759, 4371069, 4433556, 4377412, 4444082, 4415821, 4417565, 4744337, 4687766]"
414,149564,"[4315428, 4317910, 4317042, 4561287, 4320921]"
415,137921,"[4379181, 4379134, 4431744, 4746685, 4660594, 4760940, 4760183, 4793177]"
416,127370,"[4263146, 4294036, 4262920, 4279674, 4260927, 4795730, 4795728]"
417,127458,"[4656422, 4691957, 4685520]"
418,149546,"[4378555, 4432058, 4473851, 4354528, 4377603, 4423155, 4650911]"
419,129230,"[4429479, 4654990, 4725763, 4752445, 4762147, 4801998]"
420,141880,"[4176058, 4532243, 4267387, 4749711]"
421,109960,"[4238394, 4238176, 4230983, 4238555, 4235171, 4238051, 4237712, 4244500, 4239615, 4242568]"
422,154133,"[4418472, 4374953, 4416361]"
423,131637,"[4689429, 4689338, 4678338, 4673012, 4764858, 4773705, 4784637, 4785817]"
424,129044,"[4349514, 4298696, 4751060]"
425,147578,"[4272446, 4317158, 4346438, 4623737, 4800221]"
426,131579,"[4386943, 4284244, 4359820, 4180664, 4562932, 4185854, 4381522, 4361090, 4355493, 4721330]"
427,132454,"[4209391, 4164341, 4149399]"
428,139699,"[4193619, 4181951, 4181081, 4428783, 4376721]"
429,143214,"[4190604, 4183855, 4189365, 4496013, 4245659]"
430,144271,"[4242017, 4257462, 4257608, 4486903, 4510795, 4443448, 4282291, 4288402, 4745689, 4773321]"
431,148609,"[4242151, 4237735, 4246924, 4484499, 4252116, 4247342, 4382361]"
432,140271,"[4343216, 4343484, 4298980, 4352299, 4392246, 4378686, 4546114, 4339169, 4349551, 4382567]"
433,102772,"[2924627, 4339203, 4337990, 4365006, 4506466, 4748142, 4748144]"
434,122527,"[4272741, 4265362, 4259812, 4265019, 4265755, 4270569, 4265436, 4269120, 4263615, 4263670]"
435,141490,"[4225947, 4220627, 4229081, 4246682, 4216723, 4270822, 4215451, 4308609, 4257870, 4249020]"
436,114282,"[4290737, 4292849, 4296140, 4295523, 4292962, 4527210, 4510794, 4316636, 4302710, 4300789]"
437,144241,"[4524638, 4433626, 4394641]"
438,155410,"[4386653, 4389468, 4391333, 4445148]"
439,138094,"[4345362, 4334884, 4336426]"
440,119631,"[4186984, 4169179, 4210342, 4220075, 4171158, 4167603, 4170968, 4137076, 4689568]"
441,133492,"[4380255, 4509899, 4433634, 4446972, 4443920, 4749059, 4669047]"
442,97692,"[4504259, 4224827, 4214429, 4210643, 4216996, 4225030, 4310508, 4180645, 4187501, 4202788]"
443,99092,"[4253765, 4734833, 4751036]"
444,130997,"[4671252, 4673087, 4756198]"
445,139528,"[4280013, 4660706, 4786760]"
446,148267,"[4327877, 4421480, 4442956, 4427024, 4432475, 4755998, 4781132]"
447,134856,"[4610465, 4247481, 4446001, 4265040, 4249730, 4248713, 4247127, 4249473, 4249057, 4249034]"
448,148693,"[4446232, 4524669, 4656943]"
449,146897,"[4439859, 4310270, 4779981]"
450,145816,"[4194230, 4227308, 4192812, 4352772, 4366933, 4365118, 4751058, 4752595]"
451,149797,"[4352484, 4444316, 4739746, 4769651]"
452,36358,"[1826522, 4595018, 4424955, 4427586]"
453,115504,"[4266960, 4266518, 4265205, 4266099, 4277421, 4274218, 4274171, 4266396, 4264948, 4270333]"
454,148614,"[4397828, 4476308, 4361801, 4332622, 4355390]"
455,91056,"[2933027, 4164668, 4170569, 4193443, 4782704]"
456,91010,"[3731536, 4264752, 3686056, 3899294, 3643720, 3995135, 3730862]"
457,146548,"[4330111, 4486711, 4334826, 4339264, 4442186, 4446993, 4348157, 4574995, 4479942, 4573642]"
458,141104,"[4340511, 4340408, 4335946, 4346338, 4345276, 4340762, 4338016, 4357170, 4355428, 4346502]"
459,152119,"[4323492, 4330991, 4332214]"
460,139435,"[4336570, 4401052, 4399652, 4398684, 4424979, 4420938, 4420474, 4419294, 4418186, 4709340]"
461,154107,"[4352835, 4433106, 4503495]"
462,147366,"[4193965, 4203395, 4185073, 4195806, 4217458, 4266768]"
463,130983,"[4543375, 4452407, 4238361, 4537155, 4224552, 4594734, 4547638, 4139042, 4231978, 4249773]"
464,127359,"[4385523, 4355124, 4350253, 4368264, 4347892, 4349616, 4693198, 4651900]"
465,125423,"[4256760, 4282325, 4286491, 4272876, 4272444, 4266587, 4737057, 4658686, 4770641]"
466,145414,"[4312835, 4311367, 4334896, 4333589, 4324163, 4317808, 4314861, 4314677, 4314078, 4310596]"
467,137358,"[4235758, 4221269, 4188136, 4187207, 4563525, 4560736, 4233065, 4228751, 4226288, 4226160]"
468,130720,"[4313940, 4277891, 4339532, 4322485, 4298186, 4445504, 4308332, 4299188, 4298271, 4288583]"
469,141440,"[4374035, 4366367, 4366362, 4432595]"
470,111954,"[4256451, 4635621, 4256292, 4257155, 4341686, 4256187, 4256325, 4776620, 4782519]"
471,143925,"[4178532, 4172690, 4341606, 4447057, 4769313]"
472,152173,"[4336424, 4347404, 4344277, 4331892]"
473,157033,"[4397845, 4397850, 4419969, 4432146, 4418598, 4428494, 4419186, 4431093, 4573804]"
474,132933,"[4429990, 4422515, 4421573, 4450233, 4431465, 4430371, 4424464, 4420255, 4450775, 4432388]"
475,119506,"[4265565, 4260501, 4260061, 4329511, 4378907, 4282935]"
476,125416,"[4417929, 4397708, 4397290, 4746659, 4717853]"
477,104607,"[4222931, 4227086, 4249039]"
478,102803,"[4314831, 4536030, 3581604, 4318729, 4317891, 4318193, 4323429, 4549940, 4372131]"
479,154237,"[4640486, 4401465, 4446472, 4444805, 4447314]"
480,125436,"[4245603, 4254481, 4249588, 4273951, 4299413, 4736926, 4774087]"
481,149231,"[4336487, 4339906, 4354278, 4644843, 4468042]"
482,122473,"[4168583, 4172524, 4189701, 4468255, 4452042, 4169084, 4175973, 4169519, 4170437, 4169474]"
483,152265,"[4430795, 4425694, 4425440, 4430805, 4435570, 4739963]"
484,154136,"[4374435, 4393862, 4361388, 4375825, 4382908, 4399891, 4431745]"
485,131043,"[4238746, 4385630, 3999598, 4248076, 4231040, 4309064, 4244977, 4332637, 4260326]"
486,141878,"[4287395, 4349933, 4708102]"
487,147385,"[4244510, 4473869, 4288644, 4347501, 4586510]"
488,150280,"[4363112, 4519002, 4590823, 4433632]"
489,144798,"[4277940, 4287182, 4287929]"
490,136845,"[4389833, 4349714, 4348345, 4347089, 4346847, 4344292, 4350249, 4348991, 4347883, 4322418]"
491,137690,"[4289898, 4211530, 4230085, 4279804, 4537076, 4742915, 4806218]"
492,148063,"[4323550, 4339764, 4331593, 4332197, 4343677, 4334533, 4383867, 4671759]"
493,134847,"[4430881, 4367062, 4293030, 4432492, 4432805, 4428951, 4426660, 4440351, 4739863]"
494,16986,"[4503591, 2396561, 4241935, 4285225]"
495,144840,"[4287290, 4274093, 4264611, 4304577, 4304691, 4723402, 4683833, 4804340]"
496,136843,"[4274361, 4267210, 4275910, 4278811, 4280315, 4277167, 4635509, 4315913, 4607272, 4318819]"
497,145380,"[4138191, 4227041, 4167896, 4334605, 4168673]"
498,127125,"[4013772, 4321681, 3710372, 4297884, 4139623, 4569313, 4449573, 4349939, 4690284]"
499,125475,"[4299889, 4274958, 4272611, 4255077, 4250570, 4246135, 4244888, 4425962, 4248976, 4253291]"
500,120557,"[4016605, 3328976, 4290709, 3610077, 4179841, 4236254, 4274847]"
501,122160,"[4400259, 4352302, 4371247, 4356274, 4377424, 4362321, 4353706, 4416926, 4362318]"
502,144584,"[4360392, 4429149, 4762187]"
503,120165,"[4251319, 4245873, 4260698, 4235639, 4273213, 4257739, 4250668, 4564717, 4250899, 4249320]"
504,83260,"[4580926, 4265831, 4440926, 4425909, 4429960, 4746649, 4717859]"
505,129823,"[4298027, 4288112, 4349951, 4363755, 4343540, 4309942, 4293420, 4441299, 4288253, 4730276]"
506,94195,"[3767389, 4119168, 4252384, 4613270, 4251617, 4115731, 4238549, 4250072, 3809140, 4116308]"
507,141898,"[4184018, 4190257, 4187327, 4211393, 4230156, 4213556]"
508,49065,"[4290792, 4255096, 4675541, 4782606, 4804585]"
509,122476,"[4306080, 4310214, 4349950, 4662471]"
510,124238,"[4169784, 4161051, 4169454, 4176242, 4586737, 4174383, 4171724, 4170436, 4210177, 4176518]"
511,125457,"[4193338, 4545360, 4256132, 4241113, 4228572, 4226910, 4249667, 4227040, 4612042, 4240067]"
512,142803,"[4436749, 4416962, 4400312, 4398400, 4375159, 4565314, 4428637, 4396387, 4430020, 4417838]"
513,157519,"[4428236, 4428626, 4544019]"
514,146519,"[4427097, 4421758, 4429911, 4731394, 4427590, 4422352, 4428990]"
515,147886,"[4416602, 4421909, 4423260, 4556292]"
516,145335,"[4391327, 4386674, 4384713, 4377669, 4369819, 4396045, 4395885, 4394301, 4388283, 4385752]"
517,139558,"[4304829, 4305143, 4304279]"
518,31368,"[4309599, 4296454, 4448616, 4377950, 4351554, 4338588, 4327889, 4327403, 4326034, 4323111]"
519,106454,"[4458867, 4544016, 4746694]"
520,157012,"[4398206, 4421625, 4418405, 4399132, 4423083, 4455503, 4528199]"
521,97545,"[3439633, 3363018, 3896282, 4491880, 4194052, 4314659, 3378905, 3375782, 4379828, 3967664]"
522,119383,"[4720589, 4458945, 4262560, 4252124, 4256265]"
523,143185,"[4518824, 4379808, 4377255, 4432749, 4630760, 4677984]"
524,120196,"[4332556, 4318048, 4490247, 4328643]"
525,142382,"[4281526, 4280396, 4279702, 4759423]"
526,143564,"[4361290, 4354958, 4357920, 4348302, 4385528, 4348638, 4438002, 4738227, 4737080, 4663499]"
